RunId,model_parameters,n_displacements,n_evacuations,n_trapped,displacement_time=0,displacement_time<=2,displacement_time<=5,displacement_time>5,displaced_at_last_step
0,"{'RISK_PERCEPTION_THRESHOLD': 0.433333333333333, 'LOW_DAMAGE_THRESHOLD': 0.15, 'HIGH_DAMAGE_THRESHOLD': 0.84, 'TRUST_CHANGE': 0.06, 'FEAR_CHANGE': 0.06, 'AWARENESS_INCREASE': 0.56, 'AWARENESS_DECREASE': 0.0866666666666667, 'FIX_DAMAGE_NEIGHBOURS': 0.03, 'FIX_DAMAGE_CONCRETE': 0.26, 'FIX_DAMAGE_MUDBRICK': 0.24, 'FIX_DAMAGE_INFORMAL_SETTLEMENT': 0.3}",5614,1481,3571,603,203,103,61,408
1,"{'RISK_PERCEPTION_THRESHOLD': 0.433333333333333, 'LOW_DAMAGE_THRESHOLD': 0.15, 'HIGH_DAMAGE_THRESHOLD': 0.84, 'TRUST_CHANGE': 0.06, 'FEAR_CHANGE': 0.06, 'AWARENESS_INCREASE': 0.56, 'AWARENESS_DECREASE': 0.14, 'FIX_DAMAGE_NEIGHBOURS': 0.03, 'FIX_DAMAGE_CONCRETE': 0.26, 'FIX_DAMAGE_MUDBRICK': 0.24, 'FIX_DAMAGE_INFORMAL_SETTLEMENT': 0.3}",5698,2055,3300,580,225,105,60,404
2,"{'RISK_PERCEPTION_THRESHOLD': 0.433333333333333, 'LOW_DAMAGE_THRESHOLD': 0.15, 'HIGH_DAMAGE_THRESHOLD': 0.84, 'TRUST_CHANGE': 0.06, 'FEAR_CHANGE': 0.06, 'AWARENESS_INCREASE': 0.56, 'AWARENESS_DECREASE': 0.14, 'FIX_DAMAGE_NEIGHBOURS': 0.03, 'FIX_DAMAGE_CONCRETE': 0.42, 'FIX_DAMAGE_MUDBRICK': 0.24, 'FIX_DAMAGE_INFORMAL_SETTLEMENT': 0.3}",5326,2387,2900,573,233,95,69,334
3,"{'RISK_PERCEPTION_THRESHOLD': 0.433333333333333, 'LOW_DAMAGE_THRESHOLD': 0.15, 'HIGH_DAMAGE_THRESHOLD': 0.84, 'TRUST_CHANGE': 0.06, 'FEAR_CHANGE': 0.06, 'AWARENESS_INCREASE': 0.56, 'AWARENESS_DECREASE': 0.14, 'FIX_DAMAGE_NEIGHBOURS': 0.03, 'FIX_DAMAGE_CONCRETE': 0.42, 'FIX_DAMAGE_MUDBRICK': 0.24, 'FIX_DAMAGE_INFORMAL_SETTLEMENT': 0.566666666666667}",5635,1851,2824,580,224,112,54,339
4,"{'RISK_PERCEPTION_THRESHOLD': 0.433333333333333, 'LOW_DAMAGE_THRESHOLD': 0.15, 'HIGH_DAMAGE_THRESHOLD': 0.52, 'TRUST_CHANGE': 0.06, 'FEAR_CHANGE': 0.06, 'AWARENESS_INCREASE': 0.56, 'AWARENESS_DECREASE': 0.14, 'FIX_DAMAGE_NEIGHBOURS': 0.03, 'FIX_DAMAGE_CONCRETE': 0.42, 'FIX_DAMAGE_MUDBRICK': 0.24, 'FIX_DAMAGE_INFORMAL_SETTLEMENT': 0.566666666666667}",5379,1857,3188,348,114,294,214,281
5,"{'RISK_PERCEPTION_THRESHOLD': 0.433333333333333, 'LOW_DAMAGE_THRESHOLD': 0.15, 'HIGH_DAMAGE_THRESHOLD': 0.52, 'TRUST_CHANGE': 0.06, 'FEAR_CHANGE': 0.06, 'AWARENESS_INCREASE': 0.56, 'AWARENESS_DECREASE': 0.14, 'FIX_DAMAGE_NEIGHBOURS': 0.03, 'FIX_DAMAGE_CONCRETE': 0.42, 'FIX_DAMAGE_MUDBRICK': 0.453333333333333, 'FIX_DAMAGE_INFORMAL_SETTLEMENT': 0.566666666666667}",5297,1287,2950,347,126,352,145,300
6,"{'RISK_PERCEPTION_THRESHOLD': 0.433333333333333, 'LOW_DAMAGE_THRESHOLD': 0.283333333333333, 'HIGH_DAMAGE_THRESHOLD': 0.52, 'TRUST_CHANGE': 0.06, 'FEAR_CHANGE': 0.06, 'AWARENESS_INCREASE': 0.56, 'AWARENESS_DECREASE': 0.14, 'FIX_DAMAGE_NEIGHBOURS': 0.03, 'FIX_DAMAGE_CONCRETE': 0.42, 'FIX_DAMAGE_MUDBRICK': 0.453333333333333, 'FIX_DAMAGE_INFORMAL_SETTLEMENT': 0.566666666666667}",4237,2056,2287,345,123,489,13,20
7,"{'RISK_PERCEPTION_THRESHOLD': 0.7, 'LOW_DAMAGE_THRESHOLD': 0.283333333333333, 'HIGH_DAMAGE_THRESHOLD': 0.52, 'TRUST_CHANGE': 0.06, 'FEAR_CHANGE': 0.06, 'AWARENESS_INCREASE': 0.56, 'AWARENESS_DECREASE': 0.14, 'FIX_DAMAGE_NEIGHBOURS': 0.03, 'FIX_DAMAGE_CONCRETE': 0.42, 'FIX_DAMAGE_MUDBRICK': 0.453333333333333, 'FIX_DAMAGE_INFORMAL_SETTLEMENT': 0.566666666666667}",4332,1015,2053,351,129,476,14,21
8,"{'RISK_PERCEPTION_THRESHOLD': 0.7, 'LOW_DAMAGE_THRESHOLD': 0.283333333333333, 'HIGH_DAMAGE_THRESHOLD': 0.52, 'TRUST_CHANGE': 0.06, 'FEAR_CHANGE': 0.113333333333333, 'AWARENESS_INCREASE': 0.56, 'AWARENESS_DECREASE': 0.14, 'FIX_DAMAGE_NEIGHBOURS': 0.03, 'FIX_DAMAGE_CONCRETE': 0.42, 'FIX_DAMAGE_MUDBRICK': 0.453333333333333, 'FIX_DAMAGE_INFORMAL_SETTLEMENT': 0.566666666666667}",4175,216,2213,346,137,474,13,18
9,"{'RISK_PERCEPTION_THRESHOLD': 0.7, 'LOW_DAMAGE_THRESHOLD': 0.283333333333333, 'HIGH_DAMAGE_THRESHOLD': 0.52, 'TRUST_CHANGE': 0.06, 'FEAR_CHANGE': 0.113333333333333, 'AWARENESS_INCREASE': 0.346666666666667, 'AWARENESS_DECREASE': 0.14, 'FIX_DAMAGE_NEIGHBOURS': 0.03, 'FIX_DAMAGE_CONCRETE': 0.42, 'FIX_DAMAGE_MUDBRICK': 0.453333333333333, 'FIX_DAMAGE_INFORMAL_SETTLEMENT': 0.566666666666667}",4182,302,2221,353,124,480,13,17
10,"{'RISK_PERCEPTION_THRESHOLD': 0.7, 'LOW_DAMAGE_THRESHOLD': 0.283333333333333, 'HIGH_DAMAGE_THRESHOLD': 0.52, 'TRUST_CHANGE': 0.113333333333333, 'FEAR_CHANGE': 0.113333333333333, 'AWARENESS_INCREASE': 0.346666666666667, 'AWARENESS_DECREASE': 0.14, 'FIX_DAMAGE_NEIGHBOURS': 0.03, 'FIX_DAMAGE_CONCRETE': 0.42, 'FIX_DAMAGE_MUDBRICK': 0.453333333333333, 'FIX_DAMAGE_INFORMAL_SETTLEMENT': 0.566666666666667}",4217,237,2229,352,125,481,12,18
11,"{'RISK_PERCEPTION_THRESHOLD': 0.7, 'LOW_DAMAGE_THRESHOLD': 0.283333333333333, 'HIGH_DAMAGE_THRESHOLD': 0.52, 'TRUST_CHANGE': 0.113333333333333, 'FEAR_CHANGE': 0.113333333333333, 'AWARENESS_INCREASE': 0.346666666666667, 'AWARENESS_DECREASE': 0.14, 'FIX_DAMAGE_NEIGHBOURS': 0.0566666666666667, 'FIX_DAMAGE_CONCRETE': 0.42, 'FIX_DAMAGE_MUDBRICK': 0.453333333333333, 'FIX_DAMAGE_INFORMAL_SETTLEMENT': 0.566666666666667}",4228,453,2051,350,136,482,2,5
12,"{'RISK_PERCEPTION_THRESHOLD': 0.3, 'LOW_DAMAGE_THRESHOLD': 0.15, 'HIGH_DAMAGE_THRESHOLD': 0.84, 'TRUST_CHANGE': 0.14, 'FEAR_CHANGE': 0.0866666666666667, 'AWARENESS_INCREASE': 0.453333333333333, 'AWARENESS_DECREASE': 0.06, 'FIX_DAMAGE_NEIGHBOURS': 0.07, 'FIX_DAMAGE_CONCRETE': 0.34, 'FIX_DAMAGE_MUDBRICK': 0.56, 'FIX_DAMAGE_INFORMAL_SETTLEMENT': 0.566666666666667}",5856,2229,3605,576,237,102,55,177
13,"{'RISK_PERCEPTION_THRESHOLD': 0.3, 'LOW_DAMAGE_THRESHOLD': 0.15, 'HIGH_DAMAGE_THRESHOLD': 0.84, 'TRUST_CHANGE': 0.14, 'FEAR_CHANGE': 0.0866666666666667, 'AWARENESS_INCREASE': 0.24, 'AWARENESS_DECREASE': 0.06, 'FIX_DAMAGE_NEIGHBOURS': 0.07, 'FIX_DAMAGE_CONCRETE': 0.34, 'FIX_DAMAGE_MUDBRICK': 0.56, 'FIX_DAMAGE_INFORMAL_SETTLEMENT': 0.566666666666667}",5840,2264,3413,582,225,148,15,172
14,"{'RISK_PERCEPTION_THRESHOLD': 0.3, 'LOW_DAMAGE_THRESHOLD': 0.15, 'HIGH_DAMAGE_THRESHOLD': 0.84, 'TRUST_CHANGE': 0.14, 'FEAR_CHANGE': 0.0866666666666667, 'AWARENESS_INCREASE': 0.24, 'AWARENESS_DECREASE': 0.06, 'FIX_DAMAGE_NEIGHBOURS': 0.07, 'FIX_DAMAGE_CONCRETE': 0.18, 'FIX_DAMAGE_MUDBRICK': 0.56, 'FIX_DAMAGE_INFORMAL_SETTLEMENT': 0.566666666666667}",6158,2222,3409,576,226,108,60,328
15,"{'RISK_PERCEPTION_THRESHOLD': 0.3, 'LOW_DAMAGE_THRESHOLD': 0.15, 'HIGH_DAMAGE_THRESHOLD': 0.84, 'TRUST_CHANGE': 0.0866666666666667, 'FEAR_CHANGE': 0.0866666666666667, 'AWARENESS_INCREASE': 0.24, 'AWARENESS_DECREASE': 0.06, 'FIX_DAMAGE_NEIGHBOURS': 0.07, 'FIX_DAMAGE_CONCRETE': 0.18, 'FIX_DAMAGE_MUDBRICK': 0.56, 'FIX_DAMAGE_INFORMAL_SETTLEMENT': 0.566666666666667}",5628,2713,3198,580,227,97,66,291
16,"{'RISK_PERCEPTION_THRESHOLD': 0.3, 'LOW_DAMAGE_THRESHOLD': 0.15, 'HIGH_DAMAGE_THRESHOLD': 0.84, 'TRUST_CHANGE': 0.0866666666666667, 'FEAR_CHANGE': 0.0866666666666667, 'AWARENESS_INCREASE': 0.24, 'AWARENESS_DECREASE': 0.06, 'FIX_DAMAGE_NEIGHBOURS': 0.07, 'FIX_DAMAGE_CONCRETE': 0.18, 'FIX_DAMAGE_MUDBRICK': 0.56, 'FIX_DAMAGE_INFORMAL_SETTLEMENT': 0.3}",5558,2017,3421,629,180,92,69,276
17,"{'RISK_PERCEPTION_THRESHOLD': 0.3, 'LOW_DAMAGE_THRESHOLD': 0.15, 'HIGH_DAMAGE_THRESHOLD': 0.84, 'TRUST_CHANGE': 0.0866666666666667, 'FEAR_CHANGE': 0.0866666666666667, 'AWARENESS_INCREASE': 0.24, 'AWARENESS_DECREASE': 0.113333333333333, 'FIX_DAMAGE_NEIGHBOURS': 0.07, 'FIX_DAMAGE_CONCRETE': 0.18, 'FIX_DAMAGE_MUDBRICK': 0.56, 'FIX_DAMAGE_INFORMAL_SETTLEMENT': 0.3}",5283,2138,3166,591,214,99,66,514
18,"{'RISK_PERCEPTION_THRESHOLD': 0.3, 'LOW_DAMAGE_THRESHOLD': 0.15, 'HIGH_DAMAGE_THRESHOLD': 0.84, 'TRUST_CHANGE': 0.0866666666666667, 'FEAR_CHANGE': 0.14, 'AWARENESS_INCREASE': 0.24, 'AWARENESS_DECREASE': 0.113333333333333, 'FIX_DAMAGE_NEIGHBOURS': 0.07, 'FIX_DAMAGE_CONCRETE': 0.18, 'FIX_DAMAGE_MUDBRICK': 0.56, 'FIX_DAMAGE_INFORMAL_SETTLEMENT': 0.3}",5095,1540,2970,633,175,97,65,453
19,"{'RISK_PERCEPTION_THRESHOLD': 0.566666666666667, 'LOW_DAMAGE_THRESHOLD': 0.15, 'HIGH_DAMAGE_THRESHOLD': 0.84, 'TRUST_CHANGE': 0.0866666666666667, 'FEAR_CHANGE': 0.14, 'AWARENESS_INCREASE': 0.24, 'AWARENESS_DECREASE': 0.113333333333333, 'FIX_DAMAGE_NEIGHBOURS': 0.07, 'FIX_DAMAGE_CONCRETE': 0.18, 'FIX_DAMAGE_MUDBRICK': 0.56, 'FIX_DAMAGE_INFORMAL_SETTLEMENT': 0.3}",3896,957,2082,670,140,113,47,211
20,"{'RISK_PERCEPTION_THRESHOLD': 0.566666666666667, 'LOW_DAMAGE_THRESHOLD': 0.283333333333333, 'HIGH_DAMAGE_THRESHOLD': 0.84, 'TRUST_CHANGE': 0.0866666666666667, 'FEAR_CHANGE': 0.14, 'AWARENESS_INCREASE': 0.24, 'AWARENESS_DECREASE': 0.113333333333333, 'FIX_DAMAGE_NEIGHBOURS': 0.07, 'FIX_DAMAGE_CONCRETE': 0.18, 'FIX_DAMAGE_MUDBRICK': 0.56, 'FIX_DAMAGE_INFORMAL_SETTLEMENT': 0.3}",3812,316,1957,717,98,135,20,106
21,"{'RISK_PERCEPTION_THRESHOLD': 0.566666666666667, 'LOW_DAMAGE_THRESHOLD': 0.283333333333333, 'HIGH_DAMAGE_THRESHOLD': 0.84, 'TRUST_CHANGE': 0.0866666666666667, 'FEAR_CHANGE': 0.14, 'AWARENESS_INCREASE': 0.24, 'AWARENESS_DECREASE': 0.113333333333333, 'FIX_DAMAGE_NEIGHBOURS': 0.0433333333333333, 'FIX_DAMAGE_CONCRETE': 0.18, 'FIX_DAMAGE_MUDBRICK': 0.56, 'FIX_DAMAGE_INFORMAL_SETTLEMENT': 0.3}",3891,408,2346,699,109,107,55,69
22,"{'RISK_PERCEPTION_THRESHOLD': 0.566666666666667, 'LOW_DAMAGE_THRESHOLD': 0.283333333333333, 'HIGH_DAMAGE_THRESHOLD': 0.52, 'TRUST_CHANGE': 0.0866666666666667, 'FEAR_CHANGE': 0.14, 'AWARENESS_INCREASE': 0.24, 'AWARENESS_DECREASE': 0.113333333333333, 'FIX_DAMAGE_NEIGHBOURS': 0.0433333333333333, 'FIX_DAMAGE_CONCRETE': 0.18, 'FIX_DAMAGE_MUDBRICK': 0.56, 'FIX_DAMAGE_INFORMAL_SETTLEMENT': 0.3}",4726,774,2677,384,122,453,11,150
23,"{'RISK_PERCEPTION_THRESHOLD': 0.566666666666667, 'LOW_DAMAGE_THRESHOLD': 0.283333333333333, 'HIGH_DAMAGE_THRESHOLD': 0.52, 'TRUST_CHANGE': 0.0866666666666667, 'FEAR_CHANGE': 0.14, 'AWARENESS_INCREASE': 0.24, 'AWARENESS_DECREASE': 0.113333333333333, 'FIX_DAMAGE_NEIGHBOURS': 0.0433333333333333, 'FIX_DAMAGE_CONCRETE': 0.18, 'FIX_DAMAGE_MUDBRICK': 0.346666666666667, 'FIX_DAMAGE_INFORMAL_SETTLEMENT': 0.3}",4700,776,2510,338,123,484,25,225
24,"{'RISK_PERCEPTION_THRESHOLD': 0.566666666666667, 'LOW_DAMAGE_THRESHOLD': 0.35, 'HIGH_DAMAGE_THRESHOLD': 0.68, 'TRUST_CHANGE': 0.14, 'FEAR_CHANGE': 0.113333333333333, 'AWARENESS_INCREASE': 0.453333333333333, 'AWARENESS_DECREASE': 0.14, 'FIX_DAMAGE_NEIGHBOURS': 0.03, 'FIX_DAMAGE_CONCRETE': 0.18, 'FIX_DAMAGE_MUDBRICK': 0.56, 'FIX_DAMAGE_INFORMAL_SETTLEMENT': 0.7}",4412,1046,2081,628,194,84,64,111
25,"{'RISK_PERCEPTION_THRESHOLD': 0.566666666666667, 'LOW_DAMAGE_THRESHOLD': 0.35, 'HIGH_DAMAGE_THRESHOLD': 0.68, 'TRUST_CHANGE': 0.0866666666666667, 'FEAR_CHANGE': 0.113333333333333, 'AWARENESS_INCREASE': 0.453333333333333, 'AWARENESS_DECREASE': 0.14, 'FIX_DAMAGE_NEIGHBOURS': 0.03, 'FIX_DAMAGE_CONCRETE': 0.18, 'FIX_DAMAGE_MUDBRICK': 0.56, 'FIX_DAMAGE_INFORMAL_SETTLEMENT': 0.7}",3951,1161,1989,607,204,91,68,126
26,"{'RISK_PERCEPTION_THRESHOLD': 0.566666666666667, 'LOW_DAMAGE_THRESHOLD': 0.35, 'HIGH_DAMAGE_THRESHOLD': 0.36, 'TRUST_CHANGE': 0.0866666666666667, 'FEAR_CHANGE': 0.113333333333333, 'AWARENESS_INCREASE': 0.453333333333333, 'AWARENESS_DECREASE': 0.14, 'FIX_DAMAGE_NEIGHBOURS': 0.03, 'FIX_DAMAGE_CONCRETE': 0.18, 'FIX_DAMAGE_MUDBRICK': 0.56, 'FIX_DAMAGE_INFORMAL_SETTLEMENT': 0.7}",4672,557,2758,16,221,201,532,228
27,"{'RISK_PERCEPTION_THRESHOLD': 0.3, 'LOW_DAMAGE_THRESHOLD': 0.35, 'HIGH_DAMAGE_THRESHOLD': 0.36, 'TRUST_CHANGE': 0.0866666666666667, 'FEAR_CHANGE': 0.113333333333333, 'AWARENESS_INCREASE': 0.453333333333333, 'AWARENESS_DECREASE': 0.14, 'FIX_DAMAGE_NEIGHBOURS': 0.03, 'FIX_DAMAGE_CONCRETE': 0.18, 'FIX_DAMAGE_MUDBRICK': 0.56, 'FIX_DAMAGE_INFORMAL_SETTLEMENT': 0.7}",4808,1154,2745,13,217,195,545,276
28,"{'RISK_PERCEPTION_THRESHOLD': 0.3, 'LOW_DAMAGE_THRESHOLD': 0.216666666666667, 'HIGH_DAMAGE_THRESHOLD': 0.36, 'TRUST_CHANGE': 0.0866666666666667, 'FEAR_CHANGE': 0.113333333333333, 'AWARENESS_INCREASE': 0.453333333333333, 'AWARENESS_DECREASE': 0.14, 'FIX_DAMAGE_NEIGHBOURS': 0.03, 'FIX_DAMAGE_CONCRETE': 0.18, 'FIX_DAMAGE_MUDBRICK': 0.56, 'FIX_DAMAGE_INFORMAL_SETTLEMENT': 0.7}",4564,786,3127,13,214,192,551,411
29,"{'RISK_PERCEPTION_THRESHOLD': 0.3, 'LOW_DAMAGE_THRESHOLD': 0.216666666666667, 'HIGH_DAMAGE_THRESHOLD': 0.36, 'TRUST_CHANGE': 0.0866666666666667, 'FEAR_CHANGE': 0.113333333333333, 'AWARENESS_INCREASE': 0.453333333333333, 'AWARENESS_DECREASE': 0.14, 'FIX_DAMAGE_NEIGHBOURS': 0.03, 'FIX_DAMAGE_CONCRETE': 0.18, 'FIX_DAMAGE_MUDBRICK': 0.346666666666667, 'FIX_DAMAGE_INFORMAL_SETTLEMENT': 0.7}",4569,1016,2755,13,225,180,552,560
30,"{'RISK_PERCEPTION_THRESHOLD': 0.3, 'LOW_DAMAGE_THRESHOLD': 0.216666666666667, 'HIGH_DAMAGE_THRESHOLD': 0.36, 'TRUST_CHANGE': 0.0866666666666667, 'FEAR_CHANGE': 0.06, 'AWARENESS_INCREASE': 0.453333333333333, 'AWARENESS_DECREASE': 0.14, 'FIX_DAMAGE_NEIGHBOURS': 0.03, 'FIX_DAMAGE_CONCRETE': 0.18, 'FIX_DAMAGE_MUDBRICK': 0.346666666666667, 'FIX_DAMAGE_INFORMAL_SETTLEMENT': 0.7}",4483,939,2846,15,244,164,547,558
31,"{'RISK_PERCEPTION_THRESHOLD': 0.3, 'LOW_DAMAGE_THRESHOLD': 0.216666666666667, 'HIGH_DAMAGE_THRESHOLD': 0.36, 'TRUST_CHANGE': 0.0866666666666667, 'FEAR_CHANGE': 0.06, 'AWARENESS_INCREASE': 0.453333333333333, 'AWARENESS_DECREASE': 0.14, 'FIX_DAMAGE_NEIGHBOURS': 0.03, 'FIX_DAMAGE_CONCRETE': 0.18, 'FIX_DAMAGE_MUDBRICK': 0.346666666666667, 'FIX_DAMAGE_INFORMAL_SETTLEMENT': 0.433333333333333}",4325,809,2956,3,246,140,581,528
32,"{'RISK_PERCEPTION_THRESHOLD': 0.3, 'LOW_DAMAGE_THRESHOLD': 0.216666666666667, 'HIGH_DAMAGE_THRESHOLD': 0.36, 'TRUST_CHANGE': 0.0866666666666667, 'FEAR_CHANGE': 0.06, 'AWARENESS_INCREASE': 0.24, 'AWARENESS_DECREASE': 0.14, 'FIX_DAMAGE_NEIGHBOURS': 0.03, 'FIX_DAMAGE_CONCRETE': 0.18, 'FIX_DAMAGE_MUDBRICK': 0.346666666666667, 'FIX_DAMAGE_INFORMAL_SETTLEMENT': 0.433333333333333}",4555,1209,2703,4,243,140,583,528
33,"{'RISK_PERCEPTION_THRESHOLD': 0.3, 'LOW_DAMAGE_THRESHOLD': 0.216666666666667, 'HIGH_DAMAGE_THRESHOLD': 0.36, 'TRUST_CHANGE': 0.0866666666666667, 'FEAR_CHANGE': 0.06, 'AWARENESS_INCREASE': 0.24, 'AWARENESS_DECREASE': 0.0866666666666667, 'FIX_DAMAGE_NEIGHBOURS': 0.03, 'FIX_DAMAGE_CONCRETE': 0.18, 'FIX_DAMAGE_MUDBRICK': 0.346666666666667, 'FIX_DAMAGE_INFORMAL_SETTLEMENT': 0.433333333333333}",4461,986,2647,1,207,179,583,568
34,"{'RISK_PERCEPTION_THRESHOLD': 0.3, 'LOW_DAMAGE_THRESHOLD': 0.216666666666667, 'HIGH_DAMAGE_THRESHOLD': 0.36, 'TRUST_CHANGE': 0.0866666666666667, 'FEAR_CHANGE': 0.06, 'AWARENESS_INCREASE': 0.24, 'AWARENESS_DECREASE': 0.0866666666666667, 'FIX_DAMAGE_NEIGHBOURS': 0.03, 'FIX_DAMAGE_CONCRETE': 0.34, 'FIX_DAMAGE_MUDBRICK': 0.346666666666667, 'FIX_DAMAGE_INFORMAL_SETTLEMENT': 0.433333333333333}",5356,1912,2840,335,123,171,341,358
35,"{'RISK_PERCEPTION_THRESHOLD': 0.3, 'LOW_DAMAGE_THRESHOLD': 0.216666666666667, 'HIGH_DAMAGE_THRESHOLD': 0.36, 'TRUST_CHANGE': 0.0866666666666667, 'FEAR_CHANGE': 0.06, 'AWARENESS_INCREASE': 0.24, 'AWARENESS_DECREASE': 0.0866666666666667, 'FIX_DAMAGE_NEIGHBOURS': 0.0566666666666667, 'FIX_DAMAGE_CONCRETE': 0.34, 'FIX_DAMAGE_MUDBRICK': 0.346666666666667, 'FIX_DAMAGE_INFORMAL_SETTLEMENT': 0.433333333333333}",5045,2192,2917,333,123,153,361,253
36,"{'RISK_PERCEPTION_THRESHOLD': 0.433333333333333, 'LOW_DAMAGE_THRESHOLD': 0.35, 'HIGH_DAMAGE_THRESHOLD': 0.36, 'TRUST_CHANGE': 0.06, 'FEAR_CHANGE': 0.0866666666666667, 'AWARENESS_INCREASE': 0.24, 'AWARENESS_DECREASE': 0.06, 'FIX_DAMAGE_NEIGHBOURS': 0.0433333333333333, 'FIX_DAMAGE_CONCRETE': 0.34, 'FIX_DAMAGE_MUDBRICK': 0.453333333333333, 'FIX_DAMAGE_INFORMAL_SETTLEMENT': 0.566666666666667}",4429,1369,2127,339,120,322,189,17
37,"{'RISK_PERCEPTION_THRESHOLD': 0.7, 'LOW_DAMAGE_THRESHOLD': 0.35, 'HIGH_DAMAGE_THRESHOLD': 0.36, 'TRUST_CHANGE': 0.06, 'FEAR_CHANGE': 0.0866666666666667, 'AWARENESS_INCREASE': 0.24, 'AWARENESS_DECREASE': 0.06, 'FIX_DAMAGE_NEIGHBOURS': 0.0433333333333333, 'FIX_DAMAGE_CONCRETE': 0.34, 'FIX_DAMAGE_MUDBRICK': 0.453333333333333, 'FIX_DAMAGE_INFORMAL_SETTLEMENT': 0.566666666666667}",4164,348,2257,337,135,472,26,9
38,"{'RISK_PERCEPTION_THRESHOLD': 0.7, 'LOW_DAMAGE_THRESHOLD': 0.35, 'HIGH_DAMAGE_THRESHOLD': 0.36, 'TRUST_CHANGE': 0.06, 'FEAR_CHANGE': 0.0866666666666667, 'AWARENESS_INCREASE': 0.24, 'AWARENESS_DECREASE': 0.06, 'FIX_DAMAGE_NEIGHBOURS': 0.0433333333333333, 'FIX_DAMAGE_CONCRETE': 0.18, 'FIX_DAMAGE_MUDBRICK': 0.453333333333333, 'FIX_DAMAGE_INFORMAL_SETTLEMENT': 0.566666666666667}",4669,593,2734,0,240,151,579,233
39,"{'RISK_PERCEPTION_THRESHOLD': 0.7, 'LOW_DAMAGE_THRESHOLD': 0.35, 'HIGH_DAMAGE_THRESHOLD': 0.36, 'TRUST_CHANGE': 0.06, 'FEAR_CHANGE': 0.0866666666666667, 'AWARENESS_INCREASE': 0.24, 'AWARENESS_DECREASE': 0.06, 'FIX_DAMAGE_NEIGHBOURS': 0.0433333333333333, 'FIX_DAMAGE_CONCRETE': 0.18, 'FIX_DAMAGE_MUDBRICK': 0.453333333333333, 'FIX_DAMAGE_INFORMAL_SETTLEMENT': 0.3}",4569,555,2400,4,225,155,586,288
40,"{'RISK_PERCEPTION_THRESHOLD': 0.7, 'LOW_DAMAGE_THRESHOLD': 0.35, 'HIGH_DAMAGE_THRESHOLD': 0.36, 'TRUST_CHANGE': 0.06, 'FEAR_CHANGE': 0.0866666666666667, 'AWARENESS_INCREASE': 0.24, 'AWARENESS_DECREASE': 0.06, 'FIX_DAMAGE_NEIGHBOURS': 0.0433333333333333, 'FIX_DAMAGE_CONCRETE': 0.18, 'FIX_DAMAGE_MUDBRICK': 0.24, 'FIX_DAMAGE_INFORMAL_SETTLEMENT': 0.3}",4455,266,2583,3,214,126,627,350
41,"{'RISK_PERCEPTION_THRESHOLD': 0.7, 'LOW_DAMAGE_THRESHOLD': 0.35, 'HIGH_DAMAGE_THRESHOLD': 0.36, 'TRUST_CHANGE': 0.06, 'FEAR_CHANGE': 0.14, 'AWARENESS_INCREASE': 0.24, 'AWARENESS_DECREASE': 0.06, 'FIX_DAMAGE_NEIGHBOURS': 0.0433333333333333, 'FIX_DAMAGE_CONCRETE': 0.18, 'FIX_DAMAGE_MUDBRICK': 0.24, 'FIX_DAMAGE_INFORMAL_SETTLEMENT': 0.3}",4475,157,2520,1,206,129,634,349
42,"{'RISK_PERCEPTION_THRESHOLD': 0.7, 'LOW_DAMAGE_THRESHOLD': 0.35, 'HIGH_DAMAGE_THRESHOLD': 0.36, 'TRUST_CHANGE': 0.06, 'FEAR_CHANGE': 0.14, 'AWARENESS_INCREASE': 0.453333333333333, 'AWARENESS_DECREASE': 0.06, 'FIX_DAMAGE_NEIGHBOURS': 0.0433333333333333, 'FIX_DAMAGE_CONCRETE': 0.18, 'FIX_DAMAGE_MUDBRICK': 0.24, 'FIX_DAMAGE_INFORMAL_SETTLEMENT': 0.3}",4417,244,2480,1,207,131,631,399
43,"{'RISK_PERCEPTION_THRESHOLD': 0.7, 'LOW_DAMAGE_THRESHOLD': 0.216666666666667, 'HIGH_DAMAGE_THRESHOLD': 0.36, 'TRUST_CHANGE': 0.06, 'FEAR_CHANGE': 0.14, 'AWARENESS_INCREASE': 0.453333333333333, 'AWARENESS_DECREASE': 0.06, 'FIX_DAMAGE_NEIGHBOURS': 0.0433333333333333, 'FIX_DAMAGE_CONCRETE': 0.18, 'FIX_DAMAGE_MUDBRICK': 0.24, 'FIX_DAMAGE_INFORMAL_SETTLEMENT': 0.3}",4221,285,2664,3,199,131,637,575
44,"{'RISK_PERCEPTION_THRESHOLD': 0.7, 'LOW_DAMAGE_THRESHOLD': 0.216666666666667, 'HIGH_DAMAGE_THRESHOLD': 0.36, 'TRUST_CHANGE': 0.06, 'FEAR_CHANGE': 0.14, 'AWARENESS_INCREASE': 0.453333333333333, 'AWARENESS_DECREASE': 0.113333333333333, 'FIX_DAMAGE_NEIGHBOURS': 0.0433333333333333, 'FIX_DAMAGE_CONCRETE': 0.18, 'FIX_DAMAGE_MUDBRICK': 0.24, 'FIX_DAMAGE_INFORMAL_SETTLEMENT': 0.3}",4201,280,2611,0,202,133,635,575
45,"{'RISK_PERCEPTION_THRESHOLD': 0.7, 'LOW_DAMAGE_THRESHOLD': 0.216666666666667, 'HIGH_DAMAGE_THRESHOLD': 0.36, 'TRUST_CHANGE': 0.06, 'FEAR_CHANGE': 0.14, 'AWARENESS_INCREASE': 0.453333333333333, 'AWARENESS_DECREASE': 0.113333333333333, 'FIX_DAMAGE_NEIGHBOURS': 0.07, 'FIX_DAMAGE_CONCRETE': 0.18, 'FIX_DAMAGE_MUDBRICK': 0.24, 'FIX_DAMAGE_INFORMAL_SETTLEMENT': 0.3}",4265,381,2641,1,193,140,636,573
46,"{'RISK_PERCEPTION_THRESHOLD': 0.7, 'LOW_DAMAGE_THRESHOLD': 0.216666666666667, 'HIGH_DAMAGE_THRESHOLD': 0.36, 'TRUST_CHANGE': 0.113333333333333, 'FEAR_CHANGE': 0.14, 'AWARENESS_INCREASE': 0.453333333333333, 'AWARENESS_DECREASE': 0.113333333333333, 'FIX_DAMAGE_NEIGHBOURS': 0.07, 'FIX_DAMAGE_CONCRETE': 0.18, 'FIX_DAMAGE_MUDBRICK': 0.24, 'FIX_DAMAGE_INFORMAL_SETTLEMENT': 0.3}",4064,104,2602,0,206,128,636,589
47,"{'RISK_PERCEPTION_THRESHOLD': 0.7, 'LOW_DAMAGE_THRESHOLD': 0.216666666666667, 'HIGH_DAMAGE_THRESHOLD': 0.68, 'TRUST_CHANGE': 0.113333333333333, 'FEAR_CHANGE': 0.14, 'AWARENESS_INCREASE': 0.453333333333333, 'AWARENESS_DECREASE': 0.113333333333333, 'FIX_DAMAGE_NEIGHBOURS': 0.07, 'FIX_DAMAGE_CONCRETE': 0.18, 'FIX_DAMAGE_MUDBRICK': 0.24, 'FIX_DAMAGE_INFORMAL_SETTLEMENT': 0.3}",3421,961,1823,599,161,20,190,287
48,"{'RISK_PERCEPTION_THRESHOLD': 0.3, 'LOW_DAMAGE_THRESHOLD': 0.35, 'HIGH_DAMAGE_THRESHOLD': 0.84, 'TRUST_CHANGE': 0.14, 'FEAR_CHANGE': 0.06, 'AWARENESS_INCREASE': 0.453333333333333, 'AWARENESS_DECREASE': 0.113333333333333, 'FIX_DAMAGE_NEIGHBOURS': 0.0433333333333333, 'FIX_DAMAGE_CONCRETE': 0.26, 'FIX_DAMAGE_MUDBRICK': 0.453333333333333, 'FIX_DAMAGE_INFORMAL_SETTLEMENT': 0.7}",4512,2614,2150,584,224,142,20,7
49,"{'RISK_PERCEPTION_THRESHOLD': 0.3, 'LOW_DAMAGE_THRESHOLD': 0.35, 'HIGH_DAMAGE_THRESHOLD': 0.84, 'TRUST_CHANGE': 0.14, 'FEAR_CHANGE': 0.06, 'AWARENESS_INCREASE': 0.453333333333333, 'AWARENESS_DECREASE': 0.113333333333333, 'FIX_DAMAGE_NEIGHBOURS': 0.0433333333333333, 'FIX_DAMAGE_CONCRETE': 0.42, 'FIX_DAMAGE_MUDBRICK': 0.453333333333333, 'FIX_DAMAGE_INFORMAL_SETTLEMENT': 0.7}",4341,2020,2282,616,198,140,16,7
50,"{'RISK_PERCEPTION_THRESHOLD': 0.3, 'LOW_DAMAGE_THRESHOLD': 0.35, 'HIGH_DAMAGE_THRESHOLD': 0.84, 'TRUST_CHANGE': 0.14, 'FEAR_CHANGE': 0.06, 'AWARENESS_INCREASE': 0.24, 'AWARENESS_DECREASE': 0.113333333333333, 'FIX_DAMAGE_NEIGHBOURS': 0.0433333333333333, 'FIX_DAMAGE_CONCRETE': 0.42, 'FIX_DAMAGE_MUDBRICK': 0.453333333333333, 'FIX_DAMAGE_INFORMAL_SETTLEMENT': 0.7}",4082,2413,2152,594,216,143,17,14
51,"{'RISK_PERCEPTION_THRESHOLD': 0.3, 'LOW_DAMAGE_THRESHOLD': 0.35, 'HIGH_DAMAGE_THRESHOLD': 0.84, 'TRUST_CHANGE': 0.14, 'FEAR_CHANGE': 0.113333333333333, 'AWARENESS_INCREASE': 0.24, 'AWARENESS_DECREASE': 0.113333333333333, 'FIX_DAMAGE_NEIGHBOURS': 0.0433333333333333, 'FIX_DAMAGE_CONCRETE': 0.42, 'FIX_DAMAGE_MUDBRICK': 0.453333333333333, 'FIX_DAMAGE_INFORMAL_SETTLEMENT': 0.7}",4049,982,2242,646,167,157,0,6
52,"{'RISK_PERCEPTION_THRESHOLD': 0.3, 'LOW_DAMAGE_THRESHOLD': 0.35, 'HIGH_DAMAGE_THRESHOLD': 0.52, 'TRUST_CHANGE': 0.14, 'FEAR_CHANGE': 0.113333333333333, 'AWARENESS_INCREASE': 0.24, 'AWARENESS_DECREASE': 0.113333333333333, 'FIX_DAMAGE_NEIGHBOURS': 0.0433333333333333, 'FIX_DAMAGE_CONCRETE': 0.42, 'FIX_DAMAGE_MUDBRICK': 0.453333333333333, 'FIX_DAMAGE_INFORMAL_SETTLEMENT': 0.7}",4314,1361,2136,351,127,487,5,6
53,"{'RISK_PERCEPTION_THRESHOLD': 0.3, 'LOW_DAMAGE_THRESHOLD': 0.35, 'HIGH_DAMAGE_THRESHOLD': 0.52, 'TRUST_CHANGE': 0.14, 'FEAR_CHANGE': 0.113333333333333, 'AWARENESS_INCREASE': 0.24, 'AWARENESS_DECREASE': 0.113333333333333, 'FIX_DAMAGE_NEIGHBOURS': 0.07, 'FIX_DAMAGE_CONCRETE': 0.42, 'FIX_DAMAGE_MUDBRICK': 0.453333333333333, 'FIX_DAMAGE_INFORMAL_SETTLEMENT': 0.7}",4117,1459,2015,349,126,444,51,2
54,"{'RISK_PERCEPTION_THRESHOLD': 0.3, 'LOW_DAMAGE_THRESHOLD': 0.216666666666667, 'HIGH_DAMAGE_THRESHOLD': 0.52, 'TRUST_CHANGE': 0.14, 'FEAR_CHANGE': 0.113333333333333, 'AWARENESS_INCREASE': 0.24, 'AWARENESS_DECREASE': 0.113333333333333, 'FIX_DAMAGE_NEIGHBOURS': 0.07, 'FIX_DAMAGE_CONCRETE': 0.42, 'FIX_DAMAGE_MUDBRICK': 0.453333333333333, 'FIX_DAMAGE_INFORMAL_SETTLEMENT': 0.7}",4292,1483,2187,348,123,455,44,13
55,"{'RISK_PERCEPTION_THRESHOLD': 0.3, 'LOW_DAMAGE_THRESHOLD': 0.216666666666667, 'HIGH_DAMAGE_THRESHOLD': 0.52, 'TRUST_CHANGE': 0.14, 'FEAR_CHANGE': 0.113333333333333, 'AWARENESS_INCREASE': 0.24, 'AWARENESS_DECREASE': 0.113333333333333, 'FIX_DAMAGE_NEIGHBOURS': 0.07, 'FIX_DAMAGE_CONCRETE': 0.42, 'FIX_DAMAGE_MUDBRICK': 0.24, 'FIX_DAMAGE_INFORMAL_SETTLEMENT': 0.7}",4249,1821,1976,347,127,429,67,15
56,"{'RISK_PERCEPTION_THRESHOLD': 0.566666666666667, 'LOW_DAMAGE_THRESHOLD': 0.216666666666667, 'HIGH_DAMAGE_THRESHOLD': 0.52, 'TRUST_CHANGE': 0.14, 'FEAR_CHANGE': 0.113333333333333, 'AWARENESS_INCREASE': 0.24, 'AWARENESS_DECREASE': 0.113333333333333, 'FIX_DAMAGE_NEIGHBOURS': 0.07, 'FIX_DAMAGE_CONCRETE': 0.42, 'FIX_DAMAGE_MUDBRICK': 0.24, 'FIX_DAMAGE_INFORMAL_SETTLEMENT': 0.7}",4148,762,2072,352,124,492,2,8
57,"{'RISK_PERCEPTION_THRESHOLD': 0.566666666666667, 'LOW_DAMAGE_THRESHOLD': 0.216666666666667, 'HIGH_DAMAGE_THRESHOLD': 0.52, 'TRUST_CHANGE': 0.14, 'FEAR_CHANGE': 0.113333333333333, 'AWARENESS_INCREASE': 0.24, 'AWARENESS_DECREASE': 0.06, 'FIX_DAMAGE_NEIGHBOURS': 0.07, 'FIX_DAMAGE_CONCRETE': 0.42, 'FIX_DAMAGE_MUDBRICK': 0.24, 'FIX_DAMAGE_INFORMAL_SETTLEMENT': 0.7}",4158,803,2216,349,119,499,3,6
58,"{'RISK_PERCEPTION_THRESHOLD': 0.566666666666667, 'LOW_DAMAGE_THRESHOLD': 0.216666666666667, 'HIGH_DAMAGE_THRESHOLD': 0.52, 'TRUST_CHANGE': 0.0866666666666667, 'FEAR_CHANGE': 0.113333333333333, 'AWARENESS_INCREASE': 0.24, 'AWARENESS_DECREASE': 0.06, 'FIX_DAMAGE_NEIGHBOURS': 0.07, 'FIX_DAMAGE_CONCRETE': 0.42, 'FIX_DAMAGE_MUDBRICK': 0.24, 'FIX_DAMAGE_INFORMAL_SETTLEMENT': 0.7}",4452,1107,2079,351,127,490,2,6
59,"{'RISK_PERCEPTION_THRESHOLD': 0.566666666666667, 'LOW_DAMAGE_THRESHOLD': 0.216666666666667, 'HIGH_DAMAGE_THRESHOLD': 0.52, 'TRUST_CHANGE': 0.0866666666666667, 'FEAR_CHANGE': 0.113333333333333, 'AWARENESS_INCREASE': 0.24, 'AWARENESS_DECREASE': 0.06, 'FIX_DAMAGE_NEIGHBOURS': 0.07, 'FIX_DAMAGE_CONCRETE': 0.42, 'FIX_DAMAGE_MUDBRICK': 0.24, 'FIX_DAMAGE_INFORMAL_SETTLEMENT': 0.433333333333333}",4450,957,2087,337,139,491,3,12
60,"{'RISK_PERCEPTION_THRESHOLD': 0.566666666666667, 'LOW_DAMAGE_THRESHOLD': 0.216666666666667, 'HIGH_DAMAGE_THRESHOLD': 0.36, 'TRUST_CHANGE': 0.113333333333333, 'FEAR_CHANGE': 0.0866666666666667, 'AWARENESS_INCREASE': 0.56, 'AWARENESS_DECREASE': 0.14, 'FIX_DAMAGE_NEIGHBOURS': 0.03, 'FIX_DAMAGE_CONCRETE': 0.18, 'FIX_DAMAGE_MUDBRICK': 0.453333333333333, 'FIX_DAMAGE_INFORMAL_SETTLEMENT': 0.3}",4289,509,2754,2,216,159,593,466
61,"{'RISK_PERCEPTION_THRESHOLD': 0.566666666666667, 'LOW_DAMAGE_THRESHOLD': 0.216666666666667, 'HIGH_DAMAGE_THRESHOLD': 0.36, 'TRUST_CHANGE': 0.113333333333333, 'FEAR_CHANGE': 0.0866666666666667, 'AWARENESS_INCREASE': 0.56, 'AWARENESS_DECREASE': 0.0866666666666667, 'FIX_DAMAGE_NEIGHBOURS': 0.03, 'FIX_DAMAGE_CONCRETE': 0.18, 'FIX_DAMAGE_MUDBRICK': 0.453333333333333, 'FIX_DAMAGE_INFORMAL_SETTLEMENT': 0.3}",4391,488,2876,6,231,139,594,511
62,"{'RISK_PERCEPTION_THRESHOLD': 0.566666666666667, 'LOW_DAMAGE_THRESHOLD': 0.216666666666667, 'HIGH_DAMAGE_THRESHOLD': 0.36, 'TRUST_CHANGE': 0.06, 'FEAR_CHANGE': 0.0866666666666667, 'AWARENESS_INCREASE': 0.56, 'AWARENESS_DECREASE': 0.0866666666666667, 'FIX_DAMAGE_NEIGHBOURS': 0.03, 'FIX_DAMAGE_CONCRETE': 0.18, 'FIX_DAMAGE_MUDBRICK': 0.453333333333333, 'FIX_DAMAGE_INFORMAL_SETTLEMENT': 0.3}",4570,882,2618,1,220,154,595,495
63,"{'RISK_PERCEPTION_THRESHOLD': 0.566666666666667, 'LOW_DAMAGE_THRESHOLD': 0.216666666666667, 'HIGH_DAMAGE_THRESHOLD': 0.36, 'TRUST_CHANGE': 0.06, 'FEAR_CHANGE': 0.0866666666666667, 'AWARENESS_INCREASE': 0.56, 'AWARENESS_DECREASE': 0.0866666666666667, 'FIX_DAMAGE_NEIGHBOURS': 0.0566666666666667, 'FIX_DAMAGE_CONCRETE': 0.18, 'FIX_DAMAGE_MUDBRICK': 0.453333333333333, 'FIX_DAMAGE_INFORMAL_SETTLEMENT': 0.3}",4543,838,2695,3,214,168,585,464
64,"{'RISK_PERCEPTION_THRESHOLD': 0.3, 'LOW_DAMAGE_THRESHOLD': 0.216666666666667, 'HIGH_DAMAGE_THRESHOLD': 0.36, 'TRUST_CHANGE': 0.06, 'FEAR_CHANGE': 0.0866666666666667, 'AWARENESS_INCREASE': 0.56, 'AWARENESS_DECREASE': 0.0866666666666667, 'FIX_DAMAGE_NEIGHBOURS': 0.0566666666666667, 'FIX_DAMAGE_CONCRETE': 0.18, 'FIX_DAMAGE_MUDBRICK': 0.453333333333333, 'FIX_DAMAGE_INFORMAL_SETTLEMENT': 0.3}",4547,691,2955,1,223,161,585,494
65,"{'RISK_PERCEPTION_THRESHOLD': 0.3, 'LOW_DAMAGE_THRESHOLD': 0.216666666666667, 'HIGH_DAMAGE_THRESHOLD': 0.36, 'TRUST_CHANGE': 0.06, 'FEAR_CHANGE': 0.0866666666666667, 'AWARENESS_INCREASE': 0.56, 'AWARENESS_DECREASE': 0.0866666666666667, 'FIX_DAMAGE_NEIGHBOURS': 0.0566666666666667, 'FIX_DAMAGE_CONCRETE': 0.18, 'FIX_DAMAGE_MUDBRICK': 0.24, 'FIX_DAMAGE_INFORMAL_SETTLEMENT': 0.3}",4278,881,2645,1,198,136,635,616
66,"{'RISK_PERCEPTION_THRESHOLD': 0.3, 'LOW_DAMAGE_THRESHOLD': 0.216666666666667, 'HIGH_DAMAGE_THRESHOLD': 0.36, 'TRUST_CHANGE': 0.06, 'FEAR_CHANGE': 0.14, 'AWARENESS_INCREASE': 0.56, 'AWARENESS_DECREASE': 0.0866666666666667, 'FIX_DAMAGE_NEIGHBOURS': 0.0566666666666667, 'FIX_DAMAGE_CONCRETE': 0.18, 'FIX_DAMAGE_MUDBRICK': 0.24, 'FIX_DAMAGE_INFORMAL_SETTLEMENT': 0.3}",4298,464,2956,0,192,144,634,676
67,"{'RISK_PERCEPTION_THRESHOLD': 0.3, 'LOW_DAMAGE_THRESHOLD': 0.216666666666667, 'HIGH_DAMAGE_THRESHOLD': 0.68, 'TRUST_CHANGE': 0.06, 'FEAR_CHANGE': 0.14, 'AWARENESS_INCREASE': 0.56, 'AWARENESS_DECREASE': 0.0866666666666667, 'FIX_DAMAGE_NEIGHBOURS': 0.0566666666666667, 'FIX_DAMAGE_CONCRETE': 0.18, 'FIX_DAMAGE_MUDBRICK': 0.24, 'FIX_DAMAGE_INFORMAL_SETTLEMENT': 0.3}",5800,1893,3554,533,232,16,189,421
68,"{'RISK_PERCEPTION_THRESHOLD': 0.3, 'LOW_DAMAGE_THRESHOLD': 0.35, 'HIGH_DAMAGE_THRESHOLD': 0.68, 'TRUST_CHANGE': 0.06, 'FEAR_CHANGE': 0.14, 'AWARENESS_INCREASE': 0.56, 'AWARENESS_DECREASE': 0.0866666666666667, 'FIX_DAMAGE_NEIGHBOURS': 0.0566666666666667, 'FIX_DAMAGE_CONCRETE': 0.18, 'FIX_DAMAGE_MUDBRICK': 0.24, 'FIX_DAMAGE_INFORMAL_SETTLEMENT': 0.3}",5699,2035,3310,526,242,89,113,123
69,"{'RISK_PERCEPTION_THRESHOLD': 0.3, 'LOW_DAMAGE_THRESHOLD': 0.35, 'HIGH_DAMAGE_THRESHOLD': 0.68, 'TRUST_CHANGE': 0.06, 'FEAR_CHANGE': 0.14, 'AWARENESS_INCREASE': 0.56, 'AWARENESS_DECREASE': 0.0866666666666667, 'FIX_DAMAGE_NEIGHBOURS': 0.0566666666666667, 'FIX_DAMAGE_CONCRETE': 0.18, 'FIX_DAMAGE_MUDBRICK': 0.24, 'FIX_DAMAGE_INFORMAL_SETTLEMENT': 0.566666666666667}",5609,2228,3124,549,223,60,138,190
70,"{'RISK_PERCEPTION_THRESHOLD': 0.3, 'LOW_DAMAGE_THRESHOLD': 0.35, 'HIGH_DAMAGE_THRESHOLD': 0.68, 'TRUST_CHANGE': 0.06, 'FEAR_CHANGE': 0.14, 'AWARENESS_INCREASE': 0.346666666666667, 'AWARENESS_DECREASE': 0.0866666666666667, 'FIX_DAMAGE_NEIGHBOURS': 0.0566666666666667, 'FIX_DAMAGE_CONCRETE': 0.18, 'FIX_DAMAGE_MUDBRICK': 0.24, 'FIX_DAMAGE_INFORMAL_SETTLEMENT': 0.566666666666667}",5269,2366,2829,543,223,69,135,176
71,"{'RISK_PERCEPTION_THRESHOLD': 0.3, 'LOW_DAMAGE_THRESHOLD': 0.35, 'HIGH_DAMAGE_THRESHOLD': 0.68, 'TRUST_CHANGE': 0.06, 'FEAR_CHANGE': 0.14, 'AWARENESS_INCREASE': 0.346666666666667, 'AWARENESS_DECREASE': 0.0866666666666667, 'FIX_DAMAGE_NEIGHBOURS': 0.0566666666666667, 'FIX_DAMAGE_CONCRETE': 0.34, 'FIX_DAMAGE_MUDBRICK': 0.24, 'FIX_DAMAGE_INFORMAL_SETTLEMENT': 0.566666666666667}",4444,1984,2274,543,229,138,60,10
72,"{'RISK_PERCEPTION_THRESHOLD': 0.7, 'LOW_DAMAGE_THRESHOLD': 0.216666666666667, 'HIGH_DAMAGE_THRESHOLD': 0.52, 'TRUST_CHANGE': 0.06, 'FEAR_CHANGE': 0.14, 'AWARENESS_INCREASE': 0.56, 'AWARENESS_DECREASE': 0.06, 'FIX_DAMAGE_NEIGHBOURS': 0.0566666666666667, 'FIX_DAMAGE_CONCRETE': 0.34, 'FIX_DAMAGE_MUDBRICK': 0.56, 'FIX_DAMAGE_INFORMAL_SETTLEMENT': 0.433333333333333}",4542,222,2495,378,131,456,5,7
73,"{'RISK_PERCEPTION_THRESHOLD': 0.7, 'LOW_DAMAGE_THRESHOLD': 0.216666666666667, 'HIGH_DAMAGE_THRESHOLD': 0.52, 'TRUST_CHANGE': 0.113333333333333, 'FEAR_CHANGE': 0.14, 'AWARENESS_INCREASE': 0.56, 'AWARENESS_DECREASE': 0.06, 'FIX_DAMAGE_NEIGHBOURS': 0.0566666666666667, 'FIX_DAMAGE_CONCRETE': 0.34, 'FIX_DAMAGE_MUDBRICK': 0.56, 'FIX_DAMAGE_INFORMAL_SETTLEMENT': 0.433333333333333}",4505,210,2547,378,125,462,5,10
74,"{'RISK_PERCEPTION_THRESHOLD': 0.7, 'LOW_DAMAGE_THRESHOLD': 0.216666666666667, 'HIGH_DAMAGE_THRESHOLD': 0.52, 'TRUST_CHANGE': 0.113333333333333, 'FEAR_CHANGE': 0.14, 'AWARENESS_INCREASE': 0.56, 'AWARENESS_DECREASE': 0.06, 'FIX_DAMAGE_NEIGHBOURS': 0.0566666666666667, 'FIX_DAMAGE_CONCRETE': 0.34, 'FIX_DAMAGE_MUDBRICK': 0.56, 'FIX_DAMAGE_INFORMAL_SETTLEMENT': 0.7}",4527,408,2647,391,109,465,5,9
75,"{'RISK_PERCEPTION_THRESHOLD': 0.7, 'LOW_DAMAGE_THRESHOLD': 0.216666666666667, 'HIGH_DAMAGE_THRESHOLD': 0.52, 'TRUST_CHANGE': 0.113333333333333, 'FEAR_CHANGE': 0.0866666666666667, 'AWARENESS_INCREASE': 0.56, 'AWARENESS_DECREASE': 0.06, 'FIX_DAMAGE_NEIGHBOURS': 0.0566666666666667, 'FIX_DAMAGE_CONCRETE': 0.34, 'FIX_DAMAGE_MUDBRICK': 0.56, 'FIX_DAMAGE_INFORMAL_SETTLEMENT': 0.7}",4741,949,2362,386,132,447,5,7
76,"{'RISK_PERCEPTION_THRESHOLD': 0.7, 'LOW_DAMAGE_THRESHOLD': 0.216666666666667, 'HIGH_DAMAGE_THRESHOLD': 0.52, 'TRUST_CHANGE': 0.113333333333333, 'FEAR_CHANGE': 0.0866666666666667, 'AWARENESS_INCREASE': 0.56, 'AWARENESS_DECREASE': 0.06, 'FIX_DAMAGE_NEIGHBOURS': 0.0566666666666667, 'FIX_DAMAGE_CONCRETE': 0.18, 'FIX_DAMAGE_MUDBRICK': 0.56, 'FIX_DAMAGE_INFORMAL_SETTLEMENT': 0.7}",4640,811,2458,396,115,445,14,11
77,"{'RISK_PERCEPTION_THRESHOLD': 0.7, 'LOW_DAMAGE_THRESHOLD': 0.216666666666667, 'HIGH_DAMAGE_THRESHOLD': 0.52, 'TRUST_CHANGE': 0.113333333333333, 'FEAR_CHANGE': 0.0866666666666667, 'AWARENESS_INCREASE': 0.56, 'AWARENESS_DECREASE': 0.113333333333333, 'FIX_DAMAGE_NEIGHBOURS': 0.0566666666666667, 'FIX_DAMAGE_CONCRETE': 0.18, 'FIX_DAMAGE_MUDBRICK': 0.56, 'FIX_DAMAGE_INFORMAL_SETTLEMENT': 0.7}",4667,761,2257,391,120,445,14,13
78,"{'RISK_PERCEPTION_THRESHOLD': 0.7, 'LOW_DAMAGE_THRESHOLD': 0.216666666666667, 'HIGH_DAMAGE_THRESHOLD': 0.84, 'TRUST_CHANGE': 0.113333333333333, 'FEAR_CHANGE': 0.0866666666666667, 'AWARENESS_INCREASE': 0.56, 'AWARENESS_DECREASE': 0.113333333333333, 'FIX_DAMAGE_NEIGHBOURS': 0.0566666666666667, 'FIX_DAMAGE_CONCRETE': 0.18, 'FIX_DAMAGE_MUDBRICK': 0.56, 'FIX_DAMAGE_INFORMAL_SETTLEMENT': 0.7}",3427,827,1432,686,132,152,0,9
79,"{'RISK_PERCEPTION_THRESHOLD': 0.7, 'LOW_DAMAGE_THRESHOLD': 0.216666666666667, 'HIGH_DAMAGE_THRESHOLD': 0.84, 'TRUST_CHANGE': 0.113333333333333, 'FEAR_CHANGE': 0.0866666666666667, 'AWARENESS_INCREASE': 0.346666666666667, 'AWARENESS_DECREASE': 0.113333333333333, 'FIX_DAMAGE_NEIGHBOURS': 0.0566666666666667, 'FIX_DAMAGE_CONCRETE': 0.18, 'FIX_DAMAGE_MUDBRICK': 0.56, 'FIX_DAMAGE_INFORMAL_SETTLEMENT': 0.7}",3343,329,1578,708,109,152,1,16
80,"{'RISK_PERCEPTION_THRESHOLD': 0.7, 'LOW_DAMAGE_THRESHOLD': 0.216666666666667, 'HIGH_DAMAGE_THRESHOLD': 0.84, 'TRUST_CHANGE': 0.113333333333333, 'FEAR_CHANGE': 0.0866666666666667, 'AWARENESS_INCREASE': 0.346666666666667, 'AWARENESS_DECREASE': 0.113333333333333, 'FIX_DAMAGE_NEIGHBOURS': 0.03, 'FIX_DAMAGE_CONCRETE': 0.18, 'FIX_DAMAGE_MUDBRICK': 0.56, 'FIX_DAMAGE_INFORMAL_SETTLEMENT': 0.7}",3375,551,1514,698,116,151,5,42
81,"{'RISK_PERCEPTION_THRESHOLD': 0.7, 'LOW_DAMAGE_THRESHOLD': 0.35, 'HIGH_DAMAGE_THRESHOLD': 0.84, 'TRUST_CHANGE': 0.113333333333333, 'FEAR_CHANGE': 0.0866666666666667, 'AWARENESS_INCREASE': 0.346666666666667, 'AWARENESS_DECREASE': 0.113333333333333, 'FIX_DAMAGE_NEIGHBOURS': 0.03, 'FIX_DAMAGE_CONCRETE': 0.18, 'FIX_DAMAGE_MUDBRICK': 0.56, 'FIX_DAMAGE_INFORMAL_SETTLEMENT': 0.7}",3229,435,1499,711,98,160,1,12
82,"{'RISK_PERCEPTION_THRESHOLD': 0.7, 'LOW_DAMAGE_THRESHOLD': 0.35, 'HIGH_DAMAGE_THRESHOLD': 0.84, 'TRUST_CHANGE': 0.113333333333333, 'FEAR_CHANGE': 0.0866666666666667, 'AWARENESS_INCREASE': 0.346666666666667, 'AWARENESS_DECREASE': 0.113333333333333, 'FIX_DAMAGE_NEIGHBOURS': 0.03, 'FIX_DAMAGE_CONCRETE': 0.18, 'FIX_DAMAGE_MUDBRICK': 0.346666666666667, 'FIX_DAMAGE_INFORMAL_SETTLEMENT': 0.7}",3153,709,1173,657,155,157,1,17
83,"{'RISK_PERCEPTION_THRESHOLD': 0.433333333333333, 'LOW_DAMAGE_THRESHOLD': 0.35, 'HIGH_DAMAGE_THRESHOLD': 0.84, 'TRUST_CHANGE': 0.113333333333333, 'FEAR_CHANGE': 0.0866666666666667, 'AWARENESS_INCREASE': 0.346666666666667, 'AWARENESS_DECREASE': 0.113333333333333, 'FIX_DAMAGE_NEIGHBOURS': 0.03, 'FIX_DAMAGE_CONCRETE': 0.18, 'FIX_DAMAGE_MUDBRICK': 0.346666666666667, 'FIX_DAMAGE_INFORMAL_SETTLEMENT': 0.7}",4779,1658,2951,594,212,98,66,181
84,"{'RISK_PERCEPTION_THRESHOLD': 0.7, 'LOW_DAMAGE_THRESHOLD': 0.283333333333333, 'HIGH_DAMAGE_THRESHOLD': 0.84, 'TRUST_CHANGE': 0.0866666666666667, 'FEAR_CHANGE': 0.113333333333333, 'AWARENESS_INCREASE': 0.453333333333333, 'AWARENESS_DECREASE': 0.0866666666666667, 'FIX_DAMAGE_NEIGHBOURS': 0.0566666666666667, 'FIX_DAMAGE_CONCRETE': 0.18, 'FIX_DAMAGE_MUDBRICK': 0.453333333333333, 'FIX_DAMAGE_INFORMAL_SETTLEMENT': 0.433333333333333}",2923,726,1146,673,139,158,0,5
85,"{'RISK_PERCEPTION_THRESHOLD': 0.7, 'LOW_DAMAGE_THRESHOLD': 0.283333333333333, 'HIGH_DAMAGE_THRESHOLD': 0.84, 'TRUST_CHANGE': 0.14, 'FEAR_CHANGE': 0.113333333333333, 'AWARENESS_INCREASE': 0.453333333333333, 'AWARENESS_DECREASE': 0.0866666666666667, 'FIX_DAMAGE_NEIGHBOURS': 0.0566666666666667, 'FIX_DAMAGE_CONCRETE': 0.18, 'FIX_DAMAGE_MUDBRICK': 0.453333333333333, 'FIX_DAMAGE_INFORMAL_SETTLEMENT': 0.433333333333333}",3176,614,1611,666,148,156,0,5
86,"{'RISK_PERCEPTION_THRESHOLD': 0.7, 'LOW_DAMAGE_THRESHOLD': 0.15, 'HIGH_DAMAGE_THRESHOLD': 0.84, 'TRUST_CHANGE': 0.14, 'FEAR_CHANGE': 0.113333333333333, 'AWARENESS_INCREASE': 0.453333333333333, 'AWARENESS_DECREASE': 0.0866666666666667, 'FIX_DAMAGE_NEIGHBOURS': 0.0566666666666667, 'FIX_DAMAGE_CONCRETE': 0.18, 'FIX_DAMAGE_MUDBRICK': 0.453333333333333, 'FIX_DAMAGE_INFORMAL_SETTLEMENT': 0.433333333333333}",3301,391,1605,718,91,160,1,53
87,"{'RISK_PERCEPTION_THRESHOLD': 0.7, 'LOW_DAMAGE_THRESHOLD': 0.15, 'HIGH_DAMAGE_THRESHOLD': 0.84, 'TRUST_CHANGE': 0.14, 'FEAR_CHANGE': 0.113333333333333, 'AWARENESS_INCREASE': 0.453333333333333, 'AWARENESS_DECREASE': 0.0866666666666667, 'FIX_DAMAGE_NEIGHBOURS': 0.03, 'FIX_DAMAGE_CONCRETE': 0.18, 'FIX_DAMAGE_MUDBRICK': 0.453333333333333, 'FIX_DAMAGE_INFORMAL_SETTLEMENT': 0.433333333333333}",3515,720,1569,667,138,145,20,105
88,"{'RISK_PERCEPTION_THRESHOLD': 0.7, 'LOW_DAMAGE_THRESHOLD': 0.15, 'HIGH_DAMAGE_THRESHOLD': 0.84, 'TRUST_CHANGE': 0.14, 'FEAR_CHANGE': 0.113333333333333, 'AWARENESS_INCREASE': 0.453333333333333, 'AWARENESS_DECREASE': 0.0866666666666667, 'FIX_DAMAGE_NEIGHBOURS': 0.03, 'FIX_DAMAGE_CONCRETE': 0.18, 'FIX_DAMAGE_MUDBRICK': 0.24, 'FIX_DAMAGE_INFORMAL_SETTLEMENT': 0.433333333333333}",3384,387,1708,730,76,95,69,203
89,"{'RISK_PERCEPTION_THRESHOLD': 0.7, 'LOW_DAMAGE_THRESHOLD': 0.15, 'HIGH_DAMAGE_THRESHOLD': 0.84, 'TRUST_CHANGE': 0.14, 'FEAR_CHANGE': 0.113333333333333, 'AWARENESS_INCREASE': 0.453333333333333, 'AWARENESS_DECREASE': 0.14, 'FIX_DAMAGE_NEIGHBOURS': 0.03, 'FIX_DAMAGE_CONCRETE': 0.18, 'FIX_DAMAGE_MUDBRICK': 0.24, 'FIX_DAMAGE_INFORMAL_SETTLEMENT': 0.433333333333333}",3172,160,1670,745,67,89,69,210
90,"{'RISK_PERCEPTION_THRESHOLD': 0.7, 'LOW_DAMAGE_THRESHOLD': 0.15, 'HIGH_DAMAGE_THRESHOLD': 0.84, 'TRUST_CHANGE': 0.14, 'FEAR_CHANGE': 0.113333333333333, 'AWARENESS_INCREASE': 0.24, 'AWARENESS_DECREASE': 0.14, 'FIX_DAMAGE_NEIGHBOURS': 0.03, 'FIX_DAMAGE_CONCRETE': 0.18, 'FIX_DAMAGE_MUDBRICK': 0.24, 'FIX_DAMAGE_INFORMAL_SETTLEMENT': 0.433333333333333}",2411,631,1167,670,136,97,67,117
91,"{'RISK_PERCEPTION_THRESHOLD': 0.433333333333333, 'LOW_DAMAGE_THRESHOLD': 0.15, 'HIGH_DAMAGE_THRESHOLD': 0.84, 'TRUST_CHANGE': 0.14, 'FEAR_CHANGE': 0.113333333333333, 'AWARENESS_INCREASE': 0.24, 'AWARENESS_DECREASE': 0.14, 'FIX_DAMAGE_NEIGHBOURS': 0.03, 'FIX_DAMAGE_CONCRETE': 0.18, 'FIX_DAMAGE_MUDBRICK': 0.24, 'FIX_DAMAGE_INFORMAL_SETTLEMENT': 0.433333333333333}",4353,1463,2795,634,178,89,69,434
92,"{'RISK_PERCEPTION_THRESHOLD': 0.433333333333333, 'LOW_DAMAGE_THRESHOLD': 0.15, 'HIGH_DAMAGE_THRESHOLD': 0.84, 'TRUST_CHANGE': 0.14, 'FEAR_CHANGE': 0.06, 'AWARENESS_INCREASE': 0.24, 'AWARENESS_DECREASE': 0.14, 'FIX_DAMAGE_NEIGHBOURS': 0.03, 'FIX_DAMAGE_CONCRETE': 0.18, 'FIX_DAMAGE_MUDBRICK': 0.24, 'FIX_DAMAGE_INFORMAL_SETTLEMENT': 0.433333333333333}",4792,1335,2778,647,162,92,69,527
93,"{'RISK_PERCEPTION_THRESHOLD': 0.433333333333333, 'LOW_DAMAGE_THRESHOLD': 0.15, 'HIGH_DAMAGE_THRESHOLD': 0.52, 'TRUST_CHANGE': 0.14, 'FEAR_CHANGE': 0.06, 'AWARENESS_INCREASE': 0.24, 'AWARENESS_DECREASE': 0.14, 'FIX_DAMAGE_NEIGHBOURS': 0.03, 'FIX_DAMAGE_CONCRETE': 0.18, 'FIX_DAMAGE_MUDBRICK': 0.24, 'FIX_DAMAGE_INFORMAL_SETTLEMENT': 0.433333333333333}",4632,922,2923,334,91,145,400,579
94,"{'RISK_PERCEPTION_THRESHOLD': 0.433333333333333, 'LOW_DAMAGE_THRESHOLD': 0.15, 'HIGH_DAMAGE_THRESHOLD': 0.52, 'TRUST_CHANGE': 0.14, 'FEAR_CHANGE': 0.06, 'AWARENESS_INCREASE': 0.24, 'AWARENESS_DECREASE': 0.14, 'FIX_DAMAGE_NEIGHBOURS': 0.03, 'FIX_DAMAGE_CONCRETE': 0.34, 'FIX_DAMAGE_MUDBRICK': 0.24, 'FIX_DAMAGE_INFORMAL_SETTLEMENT': 0.433333333333333}",4803,1109,2834,337,135,384,114,330
95,"{'RISK_PERCEPTION_THRESHOLD': 0.433333333333333, 'LOW_DAMAGE_THRESHOLD': 0.15, 'HIGH_DAMAGE_THRESHOLD': 0.52, 'TRUST_CHANGE': 0.14, 'FEAR_CHANGE': 0.06, 'AWARENESS_INCREASE': 0.24, 'AWARENESS_DECREASE': 0.14, 'FIX_DAMAGE_NEIGHBOURS': 0.03, 'FIX_DAMAGE_CONCRETE': 0.34, 'FIX_DAMAGE_MUDBRICK': 0.24, 'FIX_DAMAGE_INFORMAL_SETTLEMENT': 0.7}",5015,1503,2765,346,123,422,79,299
96,"{'RISK_PERCEPTION_THRESHOLD': 0.3, 'LOW_DAMAGE_THRESHOLD': 0.283333333333333, 'HIGH_DAMAGE_THRESHOLD': 0.68, 'TRUST_CHANGE': 0.06, 'FEAR_CHANGE': 0.06, 'AWARENESS_INCREASE': 0.453333333333333, 'AWARENESS_DECREASE': 0.14, 'FIX_DAMAGE_NEIGHBOURS': 0.0433333333333333, 'FIX_DAMAGE_CONCRETE': 0.42, 'FIX_DAMAGE_MUDBRICK': 0.56, 'FIX_DAMAGE_INFORMAL_SETTLEMENT': 0.3}",4515,1554,2521,573,227,168,2,20
97,"{'RISK_PERCEPTION_THRESHOLD': 0.3, 'LOW_DAMAGE_THRESHOLD': 0.283333333333333, 'HIGH_DAMAGE_THRESHOLD': 0.68, 'TRUST_CHANGE': 0.113333333333333, 'FEAR_CHANGE': 0.06, 'AWARENESS_INCREASE': 0.453333333333333, 'AWARENESS_DECREASE': 0.14, 'FIX_DAMAGE_NEIGHBOURS': 0.0433333333333333, 'FIX_DAMAGE_CONCRETE': 0.42, 'FIX_DAMAGE_MUDBRICK': 0.56, 'FIX_DAMAGE_INFORMAL_SETTLEMENT': 0.3}",4591,1896,2348,571,230,111,58,6
98,"{'RISK_PERCEPTION_THRESHOLD': 0.3, 'LOW_DAMAGE_THRESHOLD': 0.15, 'HIGH_DAMAGE_THRESHOLD': 0.68, 'TRUST_CHANGE': 0.113333333333333, 'FEAR_CHANGE': 0.06, 'AWARENESS_INCREASE': 0.453333333333333, 'AWARENESS_DECREASE': 0.14, 'FIX_DAMAGE_NEIGHBOURS': 0.0433333333333333, 'FIX_DAMAGE_CONCRETE': 0.42, 'FIX_DAMAGE_MUDBRICK': 0.56, 'FIX_DAMAGE_INFORMAL_SETTLEMENT': 0.3}",5718,2488,3533,566,240,92,72,202
99,"{'RISK_PERCEPTION_THRESHOLD': 0.566666666666667, 'LOW_DAMAGE_THRESHOLD': 0.15, 'HIGH_DAMAGE_THRESHOLD': 0.68, 'TRUST_CHANGE': 0.113333333333333, 'FEAR_CHANGE': 0.06, 'AWARENESS_INCREASE': 0.453333333333333, 'AWARENESS_DECREASE': 0.14, 'FIX_DAMAGE_NEIGHBOURS': 0.0433333333333333, 'FIX_DAMAGE_CONCRETE': 0.42, 'FIX_DAMAGE_MUDBRICK': 0.56, 'FIX_DAMAGE_INFORMAL_SETTLEMENT': 0.3}",4427,923,2538,619,181,101,69,192
100,"{'RISK_PERCEPTION_THRESHOLD': 0.566666666666667, 'LOW_DAMAGE_THRESHOLD': 0.15, 'HIGH_DAMAGE_THRESHOLD': 0.36, 'TRUST_CHANGE': 0.113333333333333, 'FEAR_CHANGE': 0.06, 'AWARENESS_INCREASE': 0.453333333333333, 'AWARENESS_DECREASE': 0.14, 'FIX_DAMAGE_NEIGHBOURS': 0.0433333333333333, 'FIX_DAMAGE_CONCRETE': 0.42, 'FIX_DAMAGE_MUDBRICK': 0.56, 'FIX_DAMAGE_INFORMAL_SETTLEMENT': 0.3}",4871,1251,2492,335,127,358,150,204
101,"{'RISK_PERCEPTION_THRESHOLD': 0.566666666666667, 'LOW_DAMAGE_THRESHOLD': 0.15, 'HIGH_DAMAGE_THRESHOLD': 0.36, 'TRUST_CHANGE': 0.113333333333333, 'FEAR_CHANGE': 0.06, 'AWARENESS_INCREASE': 0.453333333333333, 'AWARENESS_DECREASE': 0.14, 'FIX_DAMAGE_NEIGHBOURS': 0.0433333333333333, 'FIX_DAMAGE_CONCRETE': 0.42, 'FIX_DAMAGE_MUDBRICK': 0.346666666666667, 'FIX_DAMAGE_INFORMAL_SETTLEMENT': 0.3}",4794,1125,2649,338,119,344,169,202
102,"{'RISK_PERCEPTION_THRESHOLD': 0.566666666666667, 'LOW_DAMAGE_THRESHOLD': 0.15, 'HIGH_DAMAGE_THRESHOLD': 0.36, 'TRUST_CHANGE': 0.113333333333333, 'FEAR_CHANGE': 0.06, 'AWARENESS_INCREASE': 0.453333333333333, 'AWARENESS_DECREASE': 0.14, 'FIX_DAMAGE_NEIGHBOURS': 0.0433333333333333, 'FIX_DAMAGE_CONCRETE': 0.26, 'FIX_DAMAGE_MUDBRICK': 0.346666666666667, 'FIX_DAMAGE_INFORMAL_SETTLEMENT': 0.3}",4762,993,2708,337,120,353,160,235
103,"{'RISK_PERCEPTION_THRESHOLD': 0.566666666666667, 'LOW_DAMAGE_THRESHOLD': 0.15, 'HIGH_DAMAGE_THRESHOLD': 0.36, 'TRUST_CHANGE': 0.113333333333333, 'FEAR_CHANGE': 0.06, 'AWARENESS_INCREASE': 0.453333333333333, 'AWARENESS_DECREASE': 0.14, 'FIX_DAMAGE_NEIGHBOURS': 0.0433333333333333, 'FIX_DAMAGE_CONCRETE': 0.26, 'FIX_DAMAGE_MUDBRICK': 0.346666666666667, 'FIX_DAMAGE_INFORMAL_SETTLEMENT': 0.566666666666667}",4946,1257,2569,335,125,338,172,195
104,"{'RISK_PERCEPTION_THRESHOLD': 0.566666666666667, 'LOW_DAMAGE_THRESHOLD': 0.15, 'HIGH_DAMAGE_THRESHOLD': 0.36, 'TRUST_CHANGE': 0.113333333333333, 'FEAR_CHANGE': 0.113333333333333, 'AWARENESS_INCREASE': 0.453333333333333, 'AWARENESS_DECREASE': 0.14, 'FIX_DAMAGE_NEIGHBOURS': 0.0433333333333333, 'FIX_DAMAGE_CONCRETE': 0.26, 'FIX_DAMAGE_MUDBRICK': 0.346666666666667, 'FIX_DAMAGE_INFORMAL_SETTLEMENT': 0.566666666666667}",4817,923,2786,337,127,178,328,151
105,"{'RISK_PERCEPTION_THRESHOLD': 0.566666666666667, 'LOW_DAMAGE_THRESHOLD': 0.15, 'HIGH_DAMAGE_THRESHOLD': 0.36, 'TRUST_CHANGE': 0.113333333333333, 'FEAR_CHANGE': 0.113333333333333, 'AWARENESS_INCREASE': 0.24, 'AWARENESS_DECREASE': 0.14, 'FIX_DAMAGE_NEIGHBOURS': 0.0433333333333333, 'FIX_DAMAGE_CONCRETE': 0.26, 'FIX_DAMAGE_MUDBRICK': 0.346666666666667, 'FIX_DAMAGE_INFORMAL_SETTLEMENT': 0.566666666666667}",4377,408,2645,338,118,492,22,78
106,"{'RISK_PERCEPTION_THRESHOLD': 0.566666666666667, 'LOW_DAMAGE_THRESHOLD': 0.15, 'HIGH_DAMAGE_THRESHOLD': 0.36, 'TRUST_CHANGE': 0.113333333333333, 'FEAR_CHANGE': 0.113333333333333, 'AWARENESS_INCREASE': 0.24, 'AWARENESS_DECREASE': 0.0866666666666667, 'FIX_DAMAGE_NEIGHBOURS': 0.0433333333333333, 'FIX_DAMAGE_CONCRETE': 0.26, 'FIX_DAMAGE_MUDBRICK': 0.346666666666667, 'FIX_DAMAGE_INFORMAL_SETTLEMENT': 0.566666666666667}",4641,844,2592,340,120,415,95,189
107,"{'RISK_PERCEPTION_THRESHOLD': 0.566666666666667, 'LOW_DAMAGE_THRESHOLD': 0.15, 'HIGH_DAMAGE_THRESHOLD': 0.36, 'TRUST_CHANGE': 0.113333333333333, 'FEAR_CHANGE': 0.113333333333333, 'AWARENESS_INCREASE': 0.24, 'AWARENESS_DECREASE': 0.0866666666666667, 'FIX_DAMAGE_NEIGHBOURS': 0.07, 'FIX_DAMAGE_CONCRETE': 0.26, 'FIX_DAMAGE_MUDBRICK': 0.346666666666667, 'FIX_DAMAGE_INFORMAL_SETTLEMENT': 0.566666666666667}",5028,677,2663,341,121,465,43,55
108,"{'RISK_PERCEPTION_THRESHOLD': 0.3, 'LOW_DAMAGE_THRESHOLD': 0.216666666666667, 'HIGH_DAMAGE_THRESHOLD': 0.84, 'TRUST_CHANGE': 0.0866666666666667, 'FEAR_CHANGE': 0.14, 'AWARENESS_INCREASE': 0.346666666666667, 'AWARENESS_DECREASE': 0.14, 'FIX_DAMAGE_NEIGHBOURS': 0.03, 'FIX_DAMAGE_CONCRETE': 0.34, 'FIX_DAMAGE_MUDBRICK': 0.453333333333333, 'FIX_DAMAGE_INFORMAL_SETTLEMENT': 0.433333333333333}",4757,1036,2940,673,132,104,61,261
109,"{'RISK_PERCEPTION_THRESHOLD': 0.3, 'LOW_DAMAGE_THRESHOLD': 0.216666666666667, 'HIGH_DAMAGE_THRESHOLD': 0.84, 'TRUST_CHANGE': 0.14, 'FEAR_CHANGE': 0.14, 'AWARENESS_INCREASE': 0.346666666666667, 'AWARENESS_DECREASE': 0.14, 'FIX_DAMAGE_NEIGHBOURS': 0.03, 'FIX_DAMAGE_CONCRETE': 0.34, 'FIX_DAMAGE_MUDBRICK': 0.453333333333333, 'FIX_DAMAGE_INFORMAL_SETTLEMENT': 0.433333333333333}",4792,770,2989,652,159,109,50,310
110,"{'RISK_PERCEPTION_THRESHOLD': 0.3, 'LOW_DAMAGE_THRESHOLD': 0.216666666666667, 'HIGH_DAMAGE_THRESHOLD': 0.84, 'TRUST_CHANGE': 0.14, 'FEAR_CHANGE': 0.14, 'AWARENESS_INCREASE': 0.346666666666667, 'AWARENESS_DECREASE': 0.14, 'FIX_DAMAGE_NEIGHBOURS': 0.0566666666666667, 'FIX_DAMAGE_CONCRETE': 0.34, 'FIX_DAMAGE_MUDBRICK': 0.453333333333333, 'FIX_DAMAGE_INFORMAL_SETTLEMENT': 0.433333333333333}",4885,2171,2809,594,215,104,57,137
111,"{'RISK_PERCEPTION_THRESHOLD': 0.3, 'LOW_DAMAGE_THRESHOLD': 0.35, 'HIGH_DAMAGE_THRESHOLD': 0.84, 'TRUST_CHANGE': 0.14, 'FEAR_CHANGE': 0.14, 'AWARENESS_INCREASE': 0.346666666666667, 'AWARENESS_DECREASE': 0.14, 'FIX_DAMAGE_NEIGHBOURS': 0.0566666666666667, 'FIX_DAMAGE_CONCRETE': 0.34, 'FIX_DAMAGE_MUDBRICK': 0.453333333333333, 'FIX_DAMAGE_INFORMAL_SETTLEMENT': 0.433333333333333}",4312,1103,2227,604,208,158,0,2
112,"{'RISK_PERCEPTION_THRESHOLD': 0.3, 'LOW_DAMAGE_THRESHOLD': 0.35, 'HIGH_DAMAGE_THRESHOLD': 0.84, 'TRUST_CHANGE': 0.14, 'FEAR_CHANGE': 0.14, 'AWARENESS_INCREASE': 0.56, 'AWARENESS_DECREASE': 0.14, 'FIX_DAMAGE_NEIGHBOURS': 0.0566666666666667, 'FIX_DAMAGE_CONCRETE': 0.34, 'FIX_DAMAGE_MUDBRICK': 0.453333333333333, 'FIX_DAMAGE_INFORMAL_SETTLEMENT': 0.433333333333333}",4187,1634,2441,636,178,156,0,4
113,"{'RISK_PERCEPTION_THRESHOLD': 0.566666666666667, 'LOW_DAMAGE_THRESHOLD': 0.35, 'HIGH_DAMAGE_THRESHOLD': 0.84, 'TRUST_CHANGE': 0.14, 'FEAR_CHANGE': 0.14, 'AWARENESS_INCREASE': 0.56, 'AWARENESS_DECREASE': 0.14, 'FIX_DAMAGE_NEIGHBOURS': 0.0566666666666667, 'FIX_DAMAGE_CONCRETE': 0.34, 'FIX_DAMAGE_MUDBRICK': 0.453333333333333, 'FIX_DAMAGE_INFORMAL_SETTLEMENT': 0.433333333333333}",3556,1823,1724,585,221,164,0,3
114,"{'RISK_PERCEPTION_THRESHOLD': 0.566666666666667, 'LOW_DAMAGE_THRESHOLD': 0.35, 'HIGH_DAMAGE_THRESHOLD': 0.84, 'TRUST_CHANGE': 0.14, 'FEAR_CHANGE': 0.14, 'AWARENESS_INCREASE': 0.56, 'AWARENESS_DECREASE': 0.0866666666666667, 'FIX_DAMAGE_NEIGHBOURS': 0.0566666666666667, 'FIX_DAMAGE_CONCRETE': 0.34, 'FIX_DAMAGE_MUDBRICK': 0.453333333333333, 'FIX_DAMAGE_INFORMAL_SETTLEMENT': 0.433333333333333}",3885,1316,2045,611,199,147,13,4
115,"{'RISK_PERCEPTION_THRESHOLD': 0.566666666666667, 'LOW_DAMAGE_THRESHOLD': 0.35, 'HIGH_DAMAGE_THRESHOLD': 0.84, 'TRUST_CHANGE': 0.14, 'FEAR_CHANGE': 0.14, 'AWARENESS_INCREASE': 0.56, 'AWARENESS_DECREASE': 0.0866666666666667, 'FIX_DAMAGE_NEIGHBOURS': 0.0566666666666667, 'FIX_DAMAGE_CONCRETE': 0.34, 'FIX_DAMAGE_MUDBRICK': 0.453333333333333, 'FIX_DAMAGE_INFORMAL_SETTLEMENT': 0.7}",3904,634,2080,676,138,156,0,5
116,"{'RISK_PERCEPTION_THRESHOLD': 0.566666666666667, 'LOW_DAMAGE_THRESHOLD': 0.35, 'HIGH_DAMAGE_THRESHOLD': 0.84, 'TRUST_CHANGE': 0.14, 'FEAR_CHANGE': 0.0866666666666667, 'AWARENESS_INCREASE': 0.56, 'AWARENESS_DECREASE': 0.0866666666666667, 'FIX_DAMAGE_NEIGHBOURS': 0.0566666666666667, 'FIX_DAMAGE_CONCRETE': 0.34, 'FIX_DAMAGE_MUDBRICK': 0.453333333333333, 'FIX_DAMAGE_INFORMAL_SETTLEMENT': 0.7}",3930,1660,1904,605,203,162,0,5
117,"{'RISK_PERCEPTION_THRESHOLD': 0.566666666666667, 'LOW_DAMAGE_THRESHOLD': 0.35, 'HIGH_DAMAGE_THRESHOLD': 0.84, 'TRUST_CHANGE': 0.14, 'FEAR_CHANGE': 0.0866666666666667, 'AWARENESS_INCREASE': 0.56, 'AWARENESS_DECREASE': 0.0866666666666667, 'FIX_DAMAGE_NEIGHBOURS': 0.0566666666666667, 'FIX_DAMAGE_CONCRETE': 0.34, 'FIX_DAMAGE_MUDBRICK': 0.24, 'FIX_DAMAGE_INFORMAL_SETTLEMENT': 0.7}",3843,1367,1976,648,168,154,0,4
118,"{'RISK_PERCEPTION_THRESHOLD': 0.566666666666667, 'LOW_DAMAGE_THRESHOLD': 0.35, 'HIGH_DAMAGE_THRESHOLD': 0.52, 'TRUST_CHANGE': 0.14, 'FEAR_CHANGE': 0.0866666666666667, 'AWARENESS_INCREASE': 0.56, 'AWARENESS_DECREASE': 0.0866666666666667, 'FIX_DAMAGE_NEIGHBOURS': 0.0566666666666667, 'FIX_DAMAGE_CONCRETE': 0.34, 'FIX_DAMAGE_MUDBRICK': 0.24, 'FIX_DAMAGE_INFORMAL_SETTLEMENT': 0.7}",4289,943,2263,350,127,427,66,6
119,"{'RISK_PERCEPTION_THRESHOLD': 0.566666666666667, 'LOW_DAMAGE_THRESHOLD': 0.35, 'HIGH_DAMAGE_THRESHOLD': 0.52, 'TRUST_CHANGE': 0.14, 'FEAR_CHANGE': 0.0866666666666667, 'AWARENESS_INCREASE': 0.56, 'AWARENESS_DECREASE': 0.0866666666666667, 'FIX_DAMAGE_NEIGHBOURS': 0.0566666666666667, 'FIX_DAMAGE_CONCRETE': 0.18, 'FIX_DAMAGE_MUDBRICK': 0.24, 'FIX_DAMAGE_INFORMAL_SETTLEMENT': 0.7}",5197,1034,2795,351,116,269,234,118
